HrcV-xue3p4Hv7UB_DAbdA,Elom’s BraidingBraiding,1520 West BlvdCharlotte, NC 28208,(704) 819-2007
QC1qMPPNWfihUzcVzd5ttw,Image by Bignon’s,7524 S Tryon StCharlotte, NC 28217,(704) 918-5055
VEZnh1qOGs_NLaMOROaWyw,Agou Hair Braiding BoutiqueBraiding,7925 N Tryon StCharlotte, NC 28262,(704) 548-0069
0g3FlpqH4m-W6i32cJboYw,Tennehs African Braiding SalonBraiding,2824 The PlzCharlotte, NC 28205,(704) 332-7040
yRbvnRlJZUj76RD8fIuJQQ,Amirror Hair Studio,2750 E Wt Harris BlvdCharlotte, NC 28213,(704) 907-7227
MgiYBJVcPxWGndMUHqvluQ,Bignon’s African Hair & Studio,6932 N Tryon StCharlotte, NC 28213,(704) 921-2221
V3zTJY4eJy2n5K6VjClX0w,Happy Hair BraidingBraiding,9605 N Tryon StCharlotte, NC 28262,(980) 335-0055
3AhneMYvRxxfCPYXc41Hrg,Typh’s Braid CreationsBraid,7146 E Independence BlvdCharlotte, NC 28227,(980) 299-8655
b3TJKR_V1wHK6Kd82FT0aQ,Madusas African Hair BraidingBraiding,1125 E Sugar Creek RdCharlotte, NC 28205,(704) 334-4452
6DFzNuN1B-Z3SLbNhKo2Mw,Grace African Hair Braiding & Beauty ProductsBraiding,3061 N Sharon Amity RdCharlotte, NC 28205,(704) 492-6483
/search?find_desc=braiding&find_loc=NC&start=10
